SNR_dB,FFT_90th_Percentile_Error,MUSIC_90th_Percentile_Error
30,49.6241861729009,21.9296875676241
27,50.3260889869896,21.7663390099217
24,48.6990977547125,21.7417027095808
21,49.6331041708564,21.6268475687774
18,50.1112682351193,21.6610492253312
15,49.517062460343,21.8423918252021
12,49.4222223969902,21.9667352760536
